TIME,TIME_SYSTEM,TARGET_ID,STATION,ANGLE_1,ANGLE_1_GODOT,ANGLE_2,ANGLE_2_GODOT,DOPPLER_INSTANTANEOUS,DOPPLER_INSTANTANEOUS_GODOT,RANGE,RANGE_GODOT,TDM,TRUE_VX,TRUE_VY,TRUE_VZ,TRUE_X,TRUE_Y,TRUE_Z,XSTAT_VX,XSTAT_VY,XSTAT_VZ,XSTAT_X,XSTAT_Y,XSTAT_Z
2023-08-17 10:04:52.903,TAI,00039451,RR01,4.418232112688671,4.409919992436823,0.9665791770542034,0.9709339131114656,1.31617105863223,1.3160050190715724,597.447834158595,597.4748078762163,/home/anarykov/godot/files/inputOD00015/00001_RR01_20230817T100415_20230817T100511.tdm,-2.5069848821586533,5.2968907548786515,-4.869701185023813,-1543.4207876619664,4125.62804996717,5268.150325135951,-0.26531560770608975,-0.12285321880547813,0.0006098634102499175,-1673.4511009650387,3638.5694629737554,4947.459552364553
2023-08-17 10:05:00.903,TAI,00039451,RR01,4.247695230206027,4.250857390148251,0.9300700673787102,0.9360803981157563,1.99268140621613,1.9924427225378294,610.72957934508,610.7397391445965,/home/anarykov/godot/files/inputOD00015/00001_RR01_20230817T100415_20230817T100511.tdm,-2.4917286776544127,5.256165799498518,-4.921391667877484,-1563.415773028839,4167.840553417051,5228.985697109114,-0.2652438939437723,-0.12300797526232927,0.0006097050209701859,-1675.5733390318117,3637.5860181695994,4947.464430638416
2023-08-17 10:05:08.903,TAI,00039451,RR01,4.108909646950347,4.115216027622095,0.8939085410826761,0.8923534194178278,2.61816868551853,2.6180996937166308,629.199590239314,629.2206090558112,/home/anarykov/godot/files/inputOD00015/00001_RR01_20230817T100415_20230817T100511.tdm,-2.4762763212637915,5.2150268084218,-4.972695731839453,-1583.2879234210716,4209.725599082752,5189.409088219364,-0.26517208991374525,-0.1231626898571536,0.0006095464242018318,-1677.6950030275027,3636.601335481154,4947.4693076443355
2023-08-17 10:05:16.903,TAI,00039451,RR01,4.0014078745102735,4.002147109825527,0.8418851154542158,0.8436086614964423,3.18488758837534,3.1844078647773815,652.457851355577,652.4730843335527,/home/anarykov/godot/files/inputOD00015/00001_RR01_20230817T100415_20230817T100511.tdm,-2.4606290208962758,5.17347700036752,-5.023609311358367,-1603.0356744464523,4251.279887512085,5149.42360613672,-0.26510019564045173,-0.12331736253728363,0.0006093876199988395,-1679.8160922298619,3635.615415243621,4947.474183380649
2023-08-17 10:05:24.903,TAI,00039451,RR01,3.916732513519064,3.908722808333732,0.8028229932590761,0.7929104562551034,3.68634606230065,3.688148453094563,679.993400817828,680.0062323445364,/home/anarykov/godot/files/inputOD00015/00001_RR01_20230817T100415_20230817T100511.tdm,-2.4447879995377195,5.131519626504285,-5.074128371545666,-1622.6574714281387,4292.500145117816,5109.0323909252575,-0.26502821114835556,-0.1234719932500888,0.0006092286084152417,-1681.936605917143,3634.6282577924817,4947.479057845701
2023-08-17 10:05:32.903,TAI,00039451,RR01,3.830424111450149,3.8315196703563186,0.7446160948421339,0.7424165340763239,4.12935216254706,4.130339930371947,711.320825927324,711.321215870991,/home/anarykov/godot/files/inputOD00015/00001_RR01_20230817T100415_20230817T100511.tdm,-2.4287544950315763,5.089157969957261,-5.124248908410857,-1642.1517695249318,4333.383124438245,5068.238614793655,-0.26495613646195093,-0.12362658194295272,0.000609069389505141,-1684.0565433677975,3633.639863463636,4947.483931037831
2023-08-17 10:05:40.903,TAI,00039451,RR01,3.762775026882061,3.7673862664318656,0.7033447669198359,0.6935039796048043,4.51505091255298,4.514855016658957,745.921302138683,745.9396845021829,/home/anarykov/godot/files/inputOD00015/00001_RR01_20230817T100415_20230817T100511.tdm,-2.412529764516756,5.046395353726156,-5.1739669436355475,-1661.517033852209,4373.9256043129635,5027.045482137497,-0.2648839716057733,-0.12378112856325071,0.0006089099633227346,-1686.1759038601622,3632.6502325935503,4947.488802955381
2023-08-17 10:05:48.903,TAI,00039451,RR01,3.7051691222307004,3.7136930864920856,0.6531947483402873,0.6469633666358857,4.84670869133706,4.847152576917049,783.404073043364,783.4213741720291,/home/anarykov/godot/files/inputOD00015/00001_RR01_20230817T100415_20230817T100511.tdm,-2.3961150745502096,5.00323512271186,-5.223278536133621,-1680.751739597458,4414.124390311771,4985.456228673223,-0.2648117166043745,-0.12393563305840262,0.0006087503299222579,-1688.2946866731843,3631.6593655189195,4947.493673596693
2023-08-17 22:19:24.549,TAI,00039451,RR01,3.5739708917565243,3.567795976203941,0.5788682900417466,0.5810728982793837,-5.48855461371506,-5.487509528091303,845.747567968498,845.7256213688336,/home/anarykov/godot/files/inputOD00015/00002_RR01_20230817T221847_20230817T222007.tdm,-1.942249962573666,5.09150868940857,5.325084150420245,2082.183311643082,-4342.157563840684,4896.88003632431,0.2557674241235472,0.1416627970205206,-0.0005887441338744073,1953.9653610982043,-3507.290838434634,4939.424327667149
2023-08-17 22:19:32.549,TAI,00039451,RR01,3.5916934214570606,3.601629808375677,0.6484286765079467,0.6253391264503745,-5.25065666507789,-5.251033618811908,802.719945712556,802.7471850595305,/home/anarykov/godot/files/inputOD00015/00002_RR01_20230817T221847_20230817T222007.tdm,-1.9626251869414404,5.133956744085136,5.276642762395978,2066.5637078787367,-4301.2554328029955,4939.287221631783,0.2556847391036955,0.14181198013992322,-0.0005885605230107328,1956.0111698092212,-3506.1569392937854,4939.419618448386
2023-08-17 22:19:40.549,TAI,00039451,RR01,3.649025817501816,3.6417133323283095,0.6751858572809522,0.6732903360366953,-4.97403253961849,-4.973993589519361,761.816617406293,761.8185723349743,/home/anarykov/godot/files/inputOD00015/00002_RR01_20230817T221847_20230817T222007.tdm,-1.9828457500727503,5.1760004142224325,5.227786759969951,2050.7817199966566,-4260.015332632404,4981.30521507031,0.25560196706931354,0.14196111499792255,-0.0005883767118533226,1958.0563166919026,-3505.021846881051,4939.4149106993145
2023-08-17 22:19:48.549,TAI,00039451,RR01,3.702905788068044,3.68982042328287,0.7269853809670037,0.7250021428940553,-4.64854537101294,-4.649644473698116,723.280109943227,723.2909454720185,/home/anarykov/godot/files/inputOD00015/00002_RR01_20230817T221847_20230817T222007.tdm,-2.0029100718066735,5.217636413989475,5.178520017397174,2034.8385917322075,-4218.440511740022,5022.930715231408,0.2555191080485625,0.14211020154377957,-0.00058819270046471,1960.100801050444,-3503.8855615826083,4939.4102044215315
2023-08-17 22:19:56.549,TAI,00039451,RR01,3.744232094405326,3.7483700448660273,0.7836025924969544,0.7803103472701778,-4.27104129645145,-4.2709503608919395,687.580291855198,687.5709063447003,/home/anarykov/godot/files/inputOD00015/00002_RR01_20230817T221847_20230817T222007.tdm,-2.0228165749006033,5.2588614742249415,5.12884643800955,2018.735579250893,-4176.534244602801,5064.160451517761,0.255436162069649,0.1422592397267427,-0.0005880084889075318,1962.1446221888693,-3502.7480837852727,4939.405499616641
2023-08-17 22:20:04.549,TAI,00039451,RR01,3.8199457085508586,3.820669762296188,0.8335246142378178,0.8386403455050053,-3.83103918940393,-3.8312353313124103,655.092743397858,655.120463041198,/home/anarykov/godot/files/inputOD00015/00002_RR01_20230817T221847_20230817T222007.tdm,-2.042563700709017,5.299672368949339,5.078769957497886,2002.473951350063,-4134.299831700253,5104.991184918416,0.25535312916079683,0.14240822949609871,-0.0005878240772444664,1964.1877794117256,-3501.609413876095,4939.400796286242
2023-08-17 22:20:12.549,TAI,00039451,RR01,3.90522715005875,3.9111880553832523,0.892890563395854,0.8987553630819566,-3.3244813635955,-3.3252405587965272,626.429248686753,626.4502119781495,/home/anarykov/godot/files/inputOD00015/00002_RR01_20230817T221847_20230817T222007.tdm,-2.0621499027020285,5.340065904594972,5.028294542434374,1986.0549892355907,-4091.740599170413,5145.419708036817,0.25527000935025984,0.14255717080115043,-0.0005876394655382604,1966.2302720237842,-3500.4695522425286,4939.396094431937
2023-08-17 22:20:20.549,TAI,00039451,RR01,4.024383689115386,4.025700490006981,0.9584079962657545,0.9584139817580124,-2.75093059983423,-2.750604987545048,602.091433930735,602.1023335900329,/home/anarykov/godot/files/inputOD00015/00002_RR01_20230817T221847_20230817T222007.tdm,-2.081573646645461,5.380038920431436,4.977424190216069,1969.47998642507,-4048.85989854774,5185.44284534038,0.25518680266633365,0.1427060635911959,-0.0005874546538517535,1968.2720993297469,-3499.328499272605,4939.391394055327
2023-08-17 22:20:28.549,TAI,00039451,RR01,4.175663175469052,4.170824110057726,1.0220324977228026,1.0139820058161726,-2.10984745530841,-2.1096033993956347,582.656255778356,582.6205164691006,/home/anarykov/godot/files/inputOD00015/00002_RR01_20230817T221847_20230817T222007.tdm,-2.100833410811369,5.419588289028299,4.92616292899385,1952.7502486503724,-4005.6611064992867,5225.057453408717,0.2551035091373308,0.14285490781557125,-0.0005872696422478299,1970.3132606348404,-3498.186255354589,4939.3866951580085
2023-08-17 22:20:36.549,TAI,00039451,RR01,4.3463619898487895,4.351855515394836,1.043600193793916,1.060211546300808,-1.41160492777669,-1.4106944383562903,568.504541574676,568.5063382406089,/home/anarykov/godot/files/inputOD00015/00002_RR01_20230817T221847_20230817T222007.tdm,-2.119927686212424,5.458710916740303,4.874514817574925,1935.8670937592303,-3962.1476245587914,5264.2604211801645,0.25502012879159375,0.14300370342362895,-0.0005870844307894387,1972.3537552445155,-3497.042820877153,4939.381997741582
2023-08-17 22:20:44.549,TAI,00039451,RR01,4.583824617011676,4.567727967431807,1.0878227618224177,1.0907363411683202,-0.668374652112316,-0.6691774613397027,560.169973905696,560.1663169940852,/home/anarykov/godot/files/inputOD00015/00002_RR01_20230817T221847_20230817T222007.tdm,-2.1388549743860894,5.497403736378702,4.822483936146269,1918.8318514105229,-3918.322878637188,5303.048670138658,0.25493666165750667,0.14315245036471658,-0.0005868990195396257,1974.3935824641528,-3495.8981962295425,4939.377301807648
2023-08-18 09:43:06.740,TAI,00039451,RR01,6.119971451647892,6.135487548648165,1.389283703291635,1.3948334702700804,-1.23835432919432,-1.2375684010315453,508.913710769968,508.90669614778886,/home/anarykov/godot/files/inputOD00015/00003_RR01_20230818T094229_20230818T094421.tdm,-2.527124994844854,5.439525568644208,-4.699164426170114,-1456.897264948974,3993.777326996761,5392.412621085413,-0.2740862939294826,-0.10179374299231012,0.0006292111310094222,-1384.653513581661,3758.8472275523673,4946.795378195548
2023-08-18 09:43:14.740,TAI,00039451,RR01,5.864753867168163,5.87190387337803,1.5170301035774234,1.5115116585554895,-0.39886926810489,-0.3994984173090158,502.365356601562,502.3379880876629,/home/anarykov/godot/files/inputOD00015/00003_RR01_20230818T094229_20230818T094421.tdm,-2.512718044521226,5.4000910699602205,-4.7520841007191725,-1477.0567693536987,4037.1360781038625,5354.607379703411,-0.27402686409356997,-0.1019536195910713,0.0006290809884910112,-1386.8459662759924,3758.0322380788984,4946.800411364168
2023-08-18 09:43:22.740,TAI,00039451,RR01,3.437865340124655,3.4513942785127254,1.505670538497701,1.5006270656704868,0.454990668069088,0.4546350626453117,502.550149998265,502.5606887585018,/home/anarykov/godot/files/inputOD00015/00003_RR01_20230818T094229_20230818T094421.tdm,-2.498113319872312,5.360231248620057,-4.804630763644747,-1497.1002262950506,4080.177649848177,5316.380270224142,-0.27396734100093834,-0.10211346149300225,0.000628950631889301,-1389.0379431584897,3757.2159697314305,4946.805443490794
2023-08-18 09:43:30.740,TAI,00039451,RR01,3.2497187113905333,3.2433580110692155,1.3916051664653375,1.383491439176123,1.29030490435467,1.2906153339929642,509.521629474869,509.56625732896174,/home/anarykov/godot/files/inputOD00015/00003_RR01_20230818T094229_20230818T094421.tdm,-2.4833119601129323,5.31994921628104,-4.856800252085443,-1517.0260581173052,4122.8986520676535,5277.7342934108,-0.2739077246718418,-0.10227326864371343,0.0006288200612486465,-1391.229443483286,3756.3984227877127,4946.810474573708
2023-08-18 09:43:38.740,TAI,00039451,RR01,3.200536772068814,3.196878945478125,1.275074109611457,1.2690254802089522,2.07835829893963,2.077684687601196,523.076901883195,523.0820734250483,/home/anarykov/godot/files/inputOD00015/00003_RR01_20230818T094229_20230818T094421.tdm,-2.4683151198389885,5.2792481181509805,-4.908588430920468,-1536.8326963075626,4165.295719600065,5238.672483214579,-0.2738480151265662,-0.10243304098882708,0.000628689276613474,-1393.4204665046793,3755.5795975259384,4946.815504611202
2023-08-18 09:43:46.740,TAI,00039451,RR01,3.179315840735026,3.176734264639018,1.1570667405037955,1.1610185560912039,2.79430240753497,2.7936325159335946,542.642485238111,542.621216204657,/home/anarykov/godot/files/inputOD00015/00003_RR01_20230818T094229_20230818T094421.tdm,-2.4531239689022137,5.23813113249784,-4.959991192556843,-1556.518581605486,4207.36551254282,5199.19790654254,-0.2737882123854345,-0.10259277847396184,0.0006285582780282958,-1395.6110114769133,3754.7594942248056,4946.820533601564
2023-08-18 09:43:54.740,TAI,00039451,RR01,3.1611302849243907,3.1656198893536898,1.0625833361883932,1.0610687566778647,3.42632117354204,3.426723009585586,567.531105362735,567.5608312011225,/home/anarykov/godot/files/inputOD00015/00003_RR01_20230818T094229_20230818T094421.tdm,-2.43773969183043,5.196601475254981,-5.011004468942592,-1576.0821643923937,4249.104716785445,5159.313662972269,-0.27372831646880186,-0.10275248104474803,0.0006284270655376967,-1397.8010776543965,3753.938113163453,4946.825561543081
2023-08-18 09:44:02.740,TAI,00039451,RR01,3.1567136314025515,3.1586626486119016,0.9617643065225248,0.969838500792334,3.97429902455623,3.974617380872895,597.249091828042,597.2232335160242,/home/anarykov/godot/files/inputOD00015/00003_RR01_20230818T094229_20230818T094421.tdm,-2.422163488277516,5.154662393521663,-5.0616242169152335,-1595.5219044694497,4290.510043942246,5119.022884574746,-0.2736683273970432,-0.10291214864685912,0.0006282956391863087,-1399.990664292126,3753.1154546212924,4946.8305884340425
2023-08-18 09:44:10.740,TAI,00039451,RR01,3.161679411068173,3.153959766184017,0.8954996737605739,0.8873280025367654,4.44069142538315,4.441669105654899,630.934758219094,630.94081961887,/home/anarykov/godot/files/inputOD00015/00003_RR01_20230818T094229_20230818T094421.tdm,-2.4063965727280534,5.112317167398508,-5.1118464235414045,-1614.8362712931296,4331.5782317317,5078.328735652092,-0.2736082451905857,-0.10307178122592596,0.0006281639990188825,-1402.179770644516,3752.2915188784505,4946.835614272739
2023-08-18 09:44:18.740,TAI,00039451,RR01,3.1413994447598395,3.150615320493957,0.8094343988883652,0.8131046246436674,4.83679296981776,4.836012692761952,668.094311442739,668.0977384381836,/home/anarykov/godot/files/inputOD00015/00003_RR01_20230818T094229_20230818T094421.tdm,-2.3904401744177948,5.069569109670955,-5.161667106271413,-1634.023744091667,4372.306044237705,5037.234412494699,-0.2735480698698705,-0.10323137872763798,0.0006280321450802005,-1404.368395966784,3751.466306215249,4946.840639057456
2023-08-18 09:44:26.740,TAI,00039451,RR01,3.147497682657663,3.1481521734585334,0.7482953679527505,0.746495045738314,5.1673516295564,5.16725860806223,708.180035469194,708.1503845895969,/home/anarykov/godot/files/inputOD00015/00003_RR01_20230818T094229_20230818T094421.tdm,-2.3742955372741266,5.026421565501187,-5.211082313090576,-1653.0828119811968,4412.690272168942,4995.743143136454,-0.2734878014553709,-0.1033909410976966,0.000627900077415122,-1406.5565395143108,3750.6398169124445,4946.84566278649
2023-08-18 09:44:34.740,TAI,00039451,RR01,3.145838056955995,3.1462929089725225,0.6844498670590704,0.6867258006208602,5.44385638684417,5.445003013874163,750.619200914887,750.6327180975412,/home/anarykov/godot/files/inputOD00015/00003_RR01_20230818T094229_20230818T094421.tdm,-2.357963919877288,4.982877912133664,-5.260088122676518,-1672.0119740818434,4452.7277331164505,4953.858187108052,-0.2734274399676089,-0.10355046828176859,0.0006277677960686134,-1408.744200542002,3749.8120512514674,4946.850685458126
2023-08-18 09:44:42.740,TAI,00039451,RR01,3.1546996068184954,3.1448652415464697,0.6415325904976676,0.6330140691434617,5.67843649463943,5.678028479880537,795.13989146416,795.152562855951,/home/anarykov/godot/files/inputOD00015/00003_RR01_20230818T094229_20230818T094421.tdm,-2.341446599953843,4.938941564208197,-5.308680649574253,-1690.809739815315,4492.415271897046,4911.582835344095,-0.27336698542712096,-0.1037099602255791,0.0006276353010856777,-1410.931378305567,3748.983009513943,4946.8557070706565
2023-08-18 09:44:50.740,TAI,00039451,RR01,3.1383097734692416,3.1437565294581242,0.5791777532198739,0.5846195721905558,5.87412870974852,5.873975935821592,841.404998847163,841.38354223639,/home/anarykov/godot/files/inputOD00015/00003_RR01_20230818T094229_20230818T094421.tdm,-2.3247448619614604,4.8946159581209265,-5.3568560306214765,-1709.4746285226618,4531.749760567055,4868.920409504448,-0.273306437854475,-0.1038694168748655,0.00062750259251139,-1413.1180720608788,3748.1526919819285,4946.860727622374
2023-08-18 09:44:58.740,TAI,00039451,RR01,3.158490262521878,3.1428900216945648,0.5374436370911297,0.5408698218661333,6.03911472534491,6.039292481699612,889.038551434087,889.0556063235013,/home/anarykov/godot/files/inputOD00015/00003_RR01_20230818T094229_20230818T094421.tdm,-2.307860005747773,4.849904562496421,-5.404610434753567,-1728.005169928745,4570.728098842869,4825.874262020013,-0.2732457972702883,-0.10402883817533057,0.0006273696703909359,-1415.3042810633367,3747.321098938159,4946.865747111569
2023-08-18 21:57:45.324,TAI,00039451,RR01,3.0821088112380397,3.078978386650088,0.5220375794269599,0.5248369384053383,-6.08561269657511,-6.084884013706924,908.445854370795,908.4273360821745,/home/anarykov/godot/files/inputOD00015/00004_RR01_20230818T215708_20230818T215900.tdm,-1.8705839841911702,5.005807039901674,5.431050189846921,2093.2176075481716,-4442.409866072822,4801.393708375062,0.2659722637285658,0.12142506602797998,-0.0006113852856653078,1676.437479080582,-3647.2336703746064,4940.063388146805
2023-08-18 21:57:53.324,TAI,00039451,RR01,3.0632483213510446,3.073642802416752,0.5671990899998912,0.5668182461415625,-5.92915445105821,-5.928509520771264,860.344440296746,860.3569221987891,/home/anarykov/godot/files/inputOD00015/00004_RR01_20230818T215708_20230818T215900.tdm,-1.8910727423455231,5.049248167893795,5.383539560498492,2078.1708820694894,-4402.189381289938,4844.652350913011,0.2659013830072294,0.12158020579562126,-0.0006112288511328888,1678.564973727919,-3646.2616492597185,4940.058497690119
2023-08-18 21:58:01.324,TAI,00039451,RR01,3.06963307997145,3.0672639173287117,0.6127509696583567,0.6131554609370691,-5.74497169450739,-5.74352647506524,813.632476432392,813.6483569222055,/home/anarykov/godot/files/inputOD00015/00004_RR01_20230818T215708_20230818T215900.tdm,-1.9114124163003283,5.092291482224147,5.3356058031999964,2062.9608417377253,-4361.62295646625,4887.529213345877,0.265830411794441,0.12173530418712,-0.0006110722085911834,1680.6919009672974,-3645.2883871922527,4940.053608485743
2023-08-18 21:58:09.324,TAI,00039451,RR01,3.045140619189874,3.0595282630449883,0.6590464708285283,0.6644718907033056,-5.52368024531059,-5.5239321249352,768.532736578975,768.5537868264557,/home/anarykov/godot/files/inputOD00015/00004_RR01_20230818T215708_20230818T215900.tdm,-1.931601415417982,5.134933611108101,5.28725272547506,2047.5886855701149,-4320.713787604218,4930.020925846348,0.265759350114336,0.12189036114973094,-0.0006109153580934588,1682.8182600753978,-3644.3138845031945,4940.048720535336
2023-08-18 21:58:17.324,TAI,00039451,RR01,3.0521759471328855,3.049983602416911,0.7154233785513905,0.7214540816578606,-5.26184816539352,-5.262570220063385,725.386110745642,725.3779475357663,/home/anarykov/godot/files/inputOD00015/00004_RR01_20230818T215708_20230818T215900.tdm,-1.9516381616074647,5.17717121544038,5.238484166568731,2032.0556252685421,-4279.46509755295,4972.124149181237,0.26568819799111537,0.1220453766306474,-0.0006107582996931309,1684.9440503280628,-3643.3381415244216,4940.0438338405675
2023-08-18 21:58:25.324,TAI,00039451,RR01,3.0410661724135157,3.037952948939468,0.79121407513715,0.7848287125277184,-4.95143317496134,-4.9511278228668,684.475690333839,684.4875056847637,/home/anarykov/godot/files/inputOD00015/00004_RR01_20230818T215708_20230818T215900.tdm,-1.9715210892091997,5.219000988952751,5.189303997213205,2016.3628851212138,-4237.880135747337,5013.835574964541,0.2656169554489832,0.1222003505771372,-0.0006106010334436234,1687.0692710021533,-3642.3611585878557,4940.038948403096
2023-08-18 21:58:33.324,TAI,00039451,RR01,3.033350867463732,3.02237602553563,0.8459173374923478,0.8553132426562269,-4.58010546186286,-4.580351490665947,646.296188889075,646.3196435894528,/home/anarykov/godot/files/inputOD00015/00004_RR01_20230818T215708_20230818T215900.tdm,-1.9912486448784055,5.260419658373259,5.1397161194100205,2000.5117019041952,-4195.962177945492,5055.1519259079805,0.26554562251219155,0.12235528293644463,-0.0006104435593984709,1689.1939213742087,-3641.3829360260793,4940.034064224586
2023-08-18 21:58:41.324,TAI,00039451,RR01,3.0172296347123195,3.001495676799255,0.9252246526425356,0.9335245992829841,-4.14020057636239,-4.140654498166223,611.367270275554,611.3874827854013,/home/anarykov/godot/files/inputOD00015/00004_RR01_20230818T215708_20230818T215900.tdm,-2.010819291713884,5.301423985891525,5.089724464727048,1984.503324793802,-4153.714525940449,5096.069956137281,0.2654741992050099,0.12251017365585819,-0.0006102858776112467,1691.3180007213762,-3640.4034741719047,4940.0291813067
2023-08-18 21:58:49.324,TAI,00039451,RR01,2.977245589439284,2.9721802883487363,1.0360301213093073,1.0198232754208383,-3.62449713146207,-3.6233274340870403,580.265787943418,580.2783791414688,/home/anarykov/godot/files/inputOD00015/00004_RR01_20230818T215708_20230818T215900.tdm,-2.0302314994337425,5.34201076404481,5.039332997531535,1968.3390152422794,-4111.140507349234,5136.586451281662,0.2654026855517481,0.12266502268265801,-0.0006101279881356186,1693.4415083206852,-3639.4227733587113,4940.024299651097
2023-08-18 21:58:57.324,TAI,00039451,RR01,2.9335274281291985,2.9282820664805933,1.120551656897428,1.1140548492793156,-3.02210220997547,-3.0225221772649284,553.627061650958,553.6395052562068,/home/anarykov/godot/files/inputOD00015/00004_RR01_20230818T215708_20230818T215900.tdm,-2.0494837463708246,5.382176817019513,4.9885457140582075,1952.0200468838848,-4068.2434753332354,5176.69822875078,0.26533108157674723,0.12281982996413839,-0.000609969891025324,1695.5644434493618,-3638.440833920297,4940.019419259443
2023-08-18 21:59:05.324,TAI,00039451,RR01,2.8480949286675696,2.8560010519851096,1.2179629393380331,1.215085736625208,-2.33891771041159,-2.3379464419682336,532.173444234561,532.1445423349769,/home/anarykov/godot/files/inputOD00015/00004_RR01_20230818T215708_20230818T215900.tdm,-2.0685745267213616,5.421919004799885,4.937366639627111,1935.5477054541088,-4025.026808287008,5216.402138093465,0.2652593873043651,0.12297459544763803,-0.0006098115863341414,1697.6868053852397,-3637.4576561906915,4940.014540133395
2023-08-18 21:59:13.324,TAI,00039451,RR01,2.721208485489307,2.7177614600083633,1.322525230614885,1.3196555238105767,-1.57740136941672,-1.5777037103180518,516.433539614491,516.4376400198825,/home/anarykov/godot/files/inputOD00015/00004_RR01_20230818T215708_20230818T215900.tdm,-2.0875023470816974,5.461234221491573,4.885799829643612,1918.9232886802886,-3981.4939095860714,5255.695061181736,0.26518760275901454,0.12312931908045698,-0.0006096530741159739,1699.8085934056237,-3636.4732405046807,4940.009662274614
2023-08-18 21:59:21.324,TAI,00039451,RR01,2.3821903479611164,2.381222267350828,1.430438707739989,1.4173851653763254,-0.759851334247363,-0.7600746372375399,507.03897232614,507.05791210761737,/home/anarykov/godot/files/inputOD00015/00004_RR01_20230818T215708_20230818T215900.tdm,-2.106265726618891,5.500119395609016,4.833849369312967,1902.1481061808852,-3937.6482073122834,5294.57391245049,0.2651157279651184,0.12328400080995487,-0.0006094943544247482,1701.9298067886346,-3635.4875871971863,4940.004785684761
2023-08-18 21:59:29.324,TAI,00039451,RR01,1.497498161949704,1.4840654898851864,1.4703894991914106,1.4629734059365735,0.08653651122874445,0.08722342267260727,504.328972521249,504.3588987113014,/home/anarykov/godot/files/inputOD00015/00004_RR01_20230818T215708_20230818T215900.tdm,-2.124863197261695,5.5385714903624885,4.781519373341836,1885.2234793638918,-3893.493153977333,5333.035639134895,0.2650437629471334,0.12343864058349796,-0.0006093354273144689,1704.0504448124852,-3634.500696603596,4939.999910365496
2023-08-18 21:59:37.324,TAI,00039451,RR01,0.6921118398500744,0.69629822700441,1.3867292322315774,1.401970611265714,0.931372735255558,0.9309955782836037,508.392508121927,508.44687406629174,/home/anarykov/godot/files/inputOD00015/00004_RR01_20230818T215708_20230818T215900.tdm,-2.1432933037931288,5.5765875038031645,4.728813985533779,1868.1507413207974,-3849.0322262415807,5371.077221503299,0.2649717077295577,0.12359323834844427,-0.0006091762928392355,1706.1705067552732,-3633.5125690598643,4939.995036318478
2023-08-19 09:22:06.031,TAI,00039451,RR01,1.7941228656746822,1.8017740441013028,1.0052131937205844,1.010491064074717,1.11171835214405,1.1104232545972208,583.436511652085,583.4717844730175,/home/anarykov/godot/files/inputOD00015/00005_RR01_20230819T092129_20230819T092233.tdm,-2.4595009836269672,5.342914982443043,-4.843746808061524,-1490.6508756068195,4119.965292992752,5287.374371406617,-0.2809212856148119,-0.08104613295587783,0.0006441257257092747,-1100.1328542545823,3852.5795334279333,4946.142030723579
2023-08-19 09:22:14.031,TAI,00039451,RR01,1.9687593255093607,1.9768727073481258,0.9822427166217432,0.9763207127088299,1.80494062218929,1.8057421861307836,595.151253460591,595.1654412812551,/home/anarykov/godot/files/inputOD00015/00005_RR01_20230819T092129_20230819T092233.tdm,-2.4447636830199344,5.302240401604879,-4.895632398771484,-1510.2680629735073,4162.546194060368,5248.416599552048,-0.28087395810299925,-0.0812100004170411,0.0006440233716527762,-1102.3800352932476,3851.930508876018,4946.147183320117
2023-08-19 09:22:22.031,TAI,00039451,RR01,2.1261940347837394,2.1253692478218267,0.9335180145742379,0.9315018630778141,2.45207342771986,2.452459270291771,612.248569153233,612.2361944962075,/home/anarykov/godot/files/inputOD00015/00005_RR01_20230819T092129_20230819T092233.tdm,-2.429833917571146,5.261148106016691,-4.947133599832792,-1529.7665813027431,4204.800025530093,5209.045277812275,-0.28082653500426735,-0.08137384024083649,0.0006439207984259424,-1104.6268373293506,3851.280173494954,4946.152335096943
2023-08-19 09:22:30.031,TAI,00039451,RR01,2.2544747759348005,2.247875319931936,0.8813865159420776,0.8805528380588811,3.0397080718174,3.0400884822208414,634.254234752176,634.2492223930813,/home/anarykov/godot/files/inputOD00015/00005_RR01_20230819T092129_20230819T092233.tdm,-2.414712848964059,5.219641305670263,-4.998246327171651,-1549.1448955119943,4246.723458498741,5169.263497675392,-0.28077901633475083,-0.08153765237152215,0.0006438180060636696,-1106.8732595984795,3850.628527506007,4946.157486052307
2023-08-19 09:22:38.031,TAI,00039451,RR01,2.343600862760638,2.3479135725597855,0.8369907391596952,0.8270980361359724,3.56462127342783,3.5639711639037177,660.679549210061,660.7095471640429,/home/anarykov/godot/files/inputOD00015/00005_RR01_20230819T092129_20230819T092233.tdm,-2.399401654222955,5.17772324457675,-5.04896652621883,-1568.4014798810258,4288.313189878701,5129.074383195355,-0.28073140211062303,-0.08170143675334146,0.0006437149946009434,-1109.1193013360223,3849.9755711309704,4946.162636184455
2023-08-19 09:22:46.031,TAI,00039451,RR01,2.425931015658163,2.4296673417120376,0.7831276125235171,0.7736802824382675,4.02451791145165,4.024248781970169,691.10569436266,691.1050258968262,/home/anarykov/godot/files/inputOD00015/00005_RR01_20230819T092129_20230819T092233.tdm,-2.383901526865834,5.135397201155759,-5.099290173082692,-1587.5348182033324,4329.565942680824,5088.481090794944,-0.2806836923480907,-0.0818651933305475,0.0006436117640728228,-1111.3649617774993,3849.3213045920925,4946.167785491635
2023-08-19 09:22:54.031,TAI,00039451,RR01,2.4906462824957214,2.4969314214265808,0.7309335661319084,0.7219087250891423,4.42495806156352,4.424408360570865,724.948321829321,724.9390325955317,/home/anarykov/godot/files/inputOD00015/00005_RR01_20230819T092129_20230819T092233.tdm,-2.368213670957725,5.092666484858088,-5.1492132706538785,-1606.5434037460175,4370.478466218135,5047.486808824014,-0.28063588706338555,-0.08202892204742666,0.0006435083145144285,-1113.610240158885,3848.66572811197,4946.172933972096
2023-08-19 09:23:02.031,TAI,00039451,RR01,2.5453211597076235,2.552805925112638,0.6623425753983925,0.6726976976039719,4.77028824812658,4.769875128153437,761.752980633769,761.7514499540003,/home/anarykov/godot/files/inputOD00015/00005_RR01_20230819T092129_20230819T092233.tdm,-2.3523393078315507,5.049534439472299,-5.198731853762601,-1625.4257395506681,4411.047536445942,5006.094757545996,-0.280587986272779,-0.08219262284825082,0.0006434046459609693,-1115.8551357159595,3848.0088419137396,4946.178081624084
2023-08-19 09:23:10.031,TAI,00039451,RR01,2.5916563519955624,2.599712172913501,0.6125178076154919,0.6264870151528399,5.06724005304674,5.066900942398639,801.078975129095,801.129492297615,/home/anarykov/godot/files/inputOD00015/00005_RR01_20230819T092129_20230819T092233.tdm,-2.336279673919542,5.006004441722981,-5.247841987992657,-1644.1803384947202,4451.269956203104,4964.308188818912,-0.28053998999257285,-0.0823562956773094,0.0006433007584477236,-1118.099647684739,3847.350646220953,4946.183228445848
2023-08-19 21:37:04.190,TAI,00039451,RR01,2.4335661858110735,2.4350052956016897,0.6757976465532788,0.6786685978455058,-4.33694885526534,-4.336539296842911,757.305010344285,757.2911913157047,/home/anarykov/godot/files/inputOD00015/00006_RR01_20230819T213627_20230819T213651.tdm,-1.9512512095347754,5.243892202335919,5.171995463061512,1988.9078727296146,-4233.389526943106,5028.3198576331,0.2741508056676053,0.10161989074776692,-0.0006293942185737364,1404.8412846975914,-3759.3892978999615,4940.687747483404
2023-08-19 21:37:12.190,TAI,00039451,RR01,2.3609096459862777,2.366385536626269,0.7386239309361972,0.723438744770059,-3.94081184078953,-3.9412607355765035,724.158960205523,724.1453742725952,/home/anarykov/godot/files/inputOD00015/00006_RR01_20230819T213627_20230819T213651.tdm,-1.9707110237678027,5.2852682250079255,5.122262559735029,1973.2199207554017,-4191.2726086963,5069.497159175499,0.2740914772501736,0.10177980500664016,-0.0006292643375248123,1407.0342538914,-3758.57569909389,4940.682712849038
2023-08-19 21:37:20.190,TAI,00039451,RR01,2.2806713075332454,2.28523256859241,0.7663406905010147,0.7688004333758897,-3.49096656682882,-3.4906626127015246,694.387789391075,694.3807325881918,/home/anarykov/godot/files/inputOD00015/00006_RR01_20230819T213627_20230819T213651.tdm,-1.9900155104425017,5.326227899258967,5.072127251335874,1957.3769105273382,-4148.826345465332,5110.27498523175,0.27403205555402976,0.10193968462785716,-0.000629134242326673,1409.226748084848,-3757.760821112224,4940.677679254574
2023-08-19 21:37:28.190,TAI,00039451,RR01,2.1880431876076893,2.189208518642049,0.8129433525325109,0.8133007210972368,-2.98214945846631,-2.9822156084141813,668.437345329564,668.4515108731401,/home/anarykov/godot/files/inputOD00015/00006_RR01_20230819T213627_20230819T213651.tdm,-2.0091631615792354,5.366768021470763,5.021593517906794,1941.3800907070288,-4106.054080874269,5150.650132478981,0.27397254059939924,0.10209952955699991,-0.0006290039330235976,1411.4187665316783,-3756.9446642323187,4940.6726467017315
2023-08-23 09:30:38.529,TAI,00039451,RR01,4.644452210246547,4.636298782424365,1.0971867898326324,1.0918703725449435,0.317191129054999,0.31697837652503125,558.925831106617,558.9290535822752,/home/anarykov/godot/files/inputOD00015/00007_RR01_20230823T093001_20230823T093121.tdm,-2.358451845286141,5.429224734378213,-4.798182854784423,-1386.6975757947937,4112.348539670386,5320.7855438254255,-0.270749794066215,-0.11036219401459745,0.0006220239277670657,-1502.1537823034369,3713.092370624161,4947.0659393230035
2023-08-23 09:30:46.529,TAI,00039451,RR01,4.422760516050245,4.410674297500208,1.0724734701318717,1.0708889408914648,1.07704557546255,1.0764316839589418,564.52816297956,564.5192484550653,/home/anarykov/godot/files/inputOD00015/00007_RR01_20230823T093001_20230823T093121.tdm,-2.3447368255582726,5.388613914645663,-4.850408867459335,-1405.5104537116815,4155.62017814266,5282.190924185982,-0.27068536625249473,-0.11052012274611595,0.0006218822835551214,-1504.3195230062686,3712.2088413320052,4947.070914947991
2023-08-23 09:30:54.529,TAI,00039451,RR01,4.21697383986662,4.214712885435155,1.031613394155271,1.0314544941116974,1.80260167751477,1.8021083884314169,576.055967119323,576.0642259730815,/home/anarykov/godot/files/inputOD00015/00007_RR01_20230823T093001_20230823T093121.tdm,-2.3308371893559614,5.3475785273379906,-4.90225397109441,-1424.212872340854,4198.565229819475,5243.180017268704,-0.2706208463192287,-0.11067801386546228,0.0006217404276977099,-1506.484747917992,3711.324048760454,4947.075889438977
2023-08-23 09:31:02.529,TAI,00039451,RR01,4.052127449217281,4.054705079426054,0.9787711307639684,0.9798139474690294,2.47491541412671,2.4755334876764583,593.21713373199,593.2157126088488,/home/anarykov/godot/files/inputOD00015/00007_RR01_20230823T093001_20230823T093121.tdm,-2.3167540231850023,5.3061217825185825,-4.953714056866687,-1442.8033591028013,4241.180310983116,5203.755886839504,-0.2705562342883685,-0.11083586731891827,0.0006215983602430895,-1508.6494563019492,3710.4379932105317,4947.08086279427
2023-08-23 09:31:10.529,TAI,00039451,RR01,3.9316389884410246,3.92774104299587,0.92405007891506,0.9218226707052303,3.0857310478597,3.0849796685213136,615.473271659038,615.504074275532,/home/anarykov/godot/files/inputOD00015/00007_RR01_20230823T093001_20230823T093121.tdm,-2.3024884278632824,5.264246924002405,-5.004785046146493,-1461.2804501594603,4283.462063713412,5163.921629417661,-0.2704915301819088,-0.110993683052748,0.0006214560812396198,-1510.8136474212367,3709.5506749838687,4947.085835012176
2023-08-23 09:31:18.529,TAI,00039451,RR01,3.8289602387069244,3.82759376806658,0.8656714218580517,0.8618488105492893,3.62499571500155,3.6254614777893224,642.439747039192,642.3933470519789,/home/anarykov/godot/files/inputOD00015/00007_RR01_20230823T093001_20230823T093121.tdm,-2.288041518294445,5.221957228843513,-5.055462890748678,-1479.6426905268897,4325.407156156393,5123.68037402927,-0.27042673402186657,-0.11115146101325135,0.0006213135907357101,-1512.9773205394436,3708.6620943823923,4947.090806091005
2023-08-23 09:31:26.529,TAI,00039451,RR01,3.7434817828182885,3.748094458049973,0.7971770891498765,0.8027355917301963,4.09660379095208,4.097474340262136,673.330258226476,673.330708991268,/home/anarykov/godot/files/inputOD00015/00007_RR01_20230823T093001_20230823T093121.tdm,-2.2734144232604936,5.1792560068401,-5.105743573150717,-1497.8886341870436,4367.012282790579,5083.035281958787,-0.2703618458302933,-0.11130920114673336,0.0006211708887798503,-1515.1404749202286,3707.7722517085053,4947.095776029064
2023-08-23 09:31:34.529,TAI,00039451,RR01,3.680637241661259,3.6842312642902613,0.7383826192645366,0.7461439786590789,4.50504511544309,4.505237246020889,707.791199696715,707.7833945005638,/home/anarykov/godot/files/inputOD00015/00007_RR01_20230823T093001_20230823T093121.tdm,-2.2586082852409115,5.136146600072264,-5.15562310668112,-1516.0168441987996,4408.2741646909035,5041.989546499149,-0.27029686562927163,-0.1114669033995119,0.0006210279754206,-1517.3031098274278,3706.881147265036,4947.100744824661
2023-08-23 09:31:42.529,TAI,00039451,RR01,3.6285505542774596,3.6322206364723923,0.6875608367811299,0.6929240873571708,4.85587554956737,4.855031143295588,745.225039666504,745.26163777281,/home/anarykov/godot/files/inputOD00015/00007_RR01_20230823T093001_20230823T093121.tdm,-2.243624267446118,5.092632394481824,-5.205097530902414,-1534.0258928460512,4449.189549695948,5000.546393102248,-0.2702317934409157,-0.11162456771791794,0.0006208848507065929,-1519.465224525055,3705.988781355246,4947.105712476106
2023-08-23 09:31:50.529,TAI,00039451,RR01,3.5811358027029625,3.5892774891512134,0.639564214833934,0.6434086522327194,5.15273687076666,5.153924174691179,785.330052613982,785.3297709527169,/home/anarykov/godot/files/inputOD00015/00007_RR01_20230823T093001_20230823T093121.tdm,-2.228463534324706,5.048716787137148,-5.2541629246579715,-1551.9143616464467,4489.755212922428,4958.709078044465,-0.2701666292873741,-0.11178219404828742,0.0006207415146865399,-1521.6268182771935,3705.09515428287,4947.1106789817095
2023-08-23 09:31:58.529,TAI,00039451,RR01,3.5459661687049655,3.5533592344557094,0.5879461592911726,0.5976190759326071,5.40899154780583,5.408935056382087,827.596619099572,827.608897890656,/home/anarykov/godot/files/inputOD00015/00007_RR01_20230823T093001_20230823T093121.tdm,-2.213127264043668,5.004403206902754,-5.302815397850003,-1569.6808415270714,4529.967956857686,4916.480888876244,-0.2701013731908138,-0.11193978233700012,0.0006205979674091982,-1523.7878903485275,3704.2002663518965,4947.1156443397795
2023-08-23 21:45:05.394,TAI,00039451,RR01,3.4417298342805718,3.4464273095524405,0.551012684123592,0.5531167023729754,-5.79082501789858,-5.791196726114223,874.50362818228,874.4919689235221,/home/anarykov/godot/files/inputOD00015/00008_RR01_20230823T214428_20230823T214604.tdm,-1.7611304868396405,5.105279762590742,5.375234914552138,1959.2917957993518,-4447.47238990266,4851.926717443906,0.26213325472560023,0.12950465942649256,-0.0006030381863945175,1787.2391252846696,-3594.58816855003,4939.807137334131
2023-08-23 21:45:13.394,TAI,00039451,RR01,3.464137830578499,3.4693230320685213,0.6047506279020317,0.5964419916098841,-5.59530684857288,-5.595696363728078,828.963809103397,828.9237602322813,/home/anarykov/godot/files/inputOD00015/00008_RR01_20230823T214428_20230823T214604.tdm,-1.7803126442831132,5.148777228649434,5.327217107119738,1945.1259302211092,-4406.455893014595,4894.7368053824275,0.26205766127392777,0.12965755824697636,-0.0006028708529979306,1789.3358890082675,-3593.551519649871,4939.802313697836
2023-08-23 21:45:21.394,TAI,00039451,RR01,3.499178684594606,3.496380743084468,0.6482452765780321,0.6438866186413664,-5.36503005452403,-5.365387355438349,785.042654730099,785.0547454252146,/home/anarykov/godot/files/inputOD00015/00008_RR01_20230823T214428_20230823T214604.tdm,-1.7993544273924493,5.191868952549283,5.278780545354298,1930.807167713009,-4365.0930368713525,4937.161073221682,0.2619819786388982,0.12981041294243714,-0.000602703314424656,1791.4320476273988,-3592.513647735663,4939.79749140103
2023-08-23 21:45:29.394,TAI,00039451,RR01,3.5375451608546262,3.5288283559630536,0.7019708909316067,0.6958388468725741,-5.094408143121,-5.093641912113148,743.20216382965,743.1892979495788,/home/anarykov/godot/files/inputOD00015/00008_RR01_20230823T214428_20230823T214604.tdm,-1.8182543479782016,5.234551563646644,5.229929072762823,1916.3366372441317,-4323.387080898882,4979.196186334104,0.26190620684626026,0.12996322346087025,-0.0006025355707316913,1793.5276004289035,-3591.4745531605145,4939.792670445351
2023-08-23 21:45:37.394,TAI,00039451,RR01,3.5570546233231797,3.5684011238595996,0.7662698258633903,0.7526073299731358,-4.77250850007689,-4.772981588345542,703.704244328462,703.6883315809214,/home/anarykov/godot/files/inputOD00015/00008_RR01_20230823T214428_20230823T214604.tdm,-1.8370109295986818,5.276821724646778,5.1806665638822285,1901.715479665476,-4281.341311377265,5020.838840994196,0.26183034592180815,0.13011598975025643,-0.0006023676219761345,1795.6225466994204,-3590.4342362781504,4939.787850832445
2023-08-23 21:45:45.394,TAI,00039451,RR01,3.6130510611550695,3.617610592646485,0.808715786909558,0.8143165540398851,-4.39561502379378,-4.395382246685678,666.964628909361,666.9750740695717,/home/anarykov/godot/files/inputOD00015/00008_RR01_20230823T214428_20230823T214604.tdm,-1.8556227167169281,5.318676143728534,5.130996919794969,1886.9448476850694,-4238.959041092852,5062.085764957794,0.26175439589135524,0.13026871175861382,-0.00060219946821513,1797.7168857261,-3589.3926974425617,4939.783032563947
2023-08-23 21:45:53.394,TAI,00039451,RR01,3.6772594231391147,3.680178724826971,0.876749797773572,0.880729516955028,-3.95217581495724,-3.9529346642845473,633.518153259308,633.5370760061006,/home/anarykov/godot/files/inputOD00015/00008_RR01_20230823T214428_20230823T214604.tdm,-1.874088241107275,5.360111530865829,5.080924083980244,1872.025905538847,-4196.243609385759,5102.933716507353,0.2616783567807447,0.13042138943397535,-0.0006020311095058917,1799.8106167962992,-3588.3499370081518,4939.778215641498
2023-08-23 21:46:01.394,TAI,00039451,RR01,3.7641074072191607,3.761728075967013,0.9516010599941616,0.9509540069460093,-3.43921120549673,-3.4390024437951,603.92670320256,603.9210288991871,/home/anarykov/godot/files/inputOD00015/00008_RR01_20230823T214428_20230823T214604.tdm,-1.8924060567054581,5.40112464349405,5.0304520256581595,1856.9598291476145,-4153.198381560636,5143.379485947237,0.2616022286158655,0.13057402272435978,-0.0006018625459057356,1801.903739197175,-3587.305955329946,4939.7734000667415
2023-08-23 21:46:09.394,TAI,00039451,RR01,3.870802478268926,3.870789335238158,1.0170059110092637,1.0229661483619794,-2.85015083473029,-2.849946303572671,578.706188963843,578.7160494687545,/home/anarykov/godot/files/inputOD00015/00008_RR01_20230823T214428_20230823T214604.tdm,-1.9105747285563823,5.441712272252088,4.979584744951382,1841.7478059470504,-4109.8267487218345,5183.419895451963,0.26152601142261095,0.13072661157785254,-0.0006016937774719915,1803.9962522168046,-3586.26075276303,4939.7685858413115
2023-08-23 21:46:17.394,TAI,00039451,RR01,4.012588083387259,4.019824440206877,1.0940720440334317,1.0928701905312084,-2.18698935099466,-2.187267640446898,558.513511937762,558.5212849040014,/home/anarykov/godot/files/inputOD00015/00008_RR01_20230823T214428_20230823T214604.tdm,-1.9285928330124036,5.481871241403408,4.928326272699395,1826.391034796876,-4066.132127502331,5223.0517993151025,0.2614497052269336,0.130879155942495,-0.0006015248042621225,1806.088155142657,-3585.2143296633085,4939.763772966847
2023-08-23 21:46:25.394,TAI,00039451,RR01,4.226920828055949,4.224306380184487,1.155551882115481,1.1539251848445409,-1.45990480191833,-1.4596477917190283,543.91024333293,543.8962924124952,/home/anarykov/godot/files/inputOD00015/00008_RR01_20230823T214428_20230823T214604.tdm,-1.946458957963063,5.521598409287718,4.876680670248027,1810.890725889267,-4022.117959790464,5262.272084196741,0.2613733100547875,0.13103165576640305,-0.0006013556263335975,1808.1794472632237,-3584.166686386696,4939.758961444988
2023-08-23 21:46:33.394,TAI,00039451,RR01,4.499084474622979,4.493661185086786,1.1958336140989185,1.1960966016875312,-0.684133943751583,-0.6839691971066862,535.308465277703,535.2984847303701,/home/anarykov/godot/files/inputOD00015/00008_RR01_20230823T214428_20230823T214604.tdm,-1.9641717030881722,5.560890668789658,4.824652029210265,1795.2481006562884,-3977.7877124543775,5301.07766936915,0.2612968259321824,0.13118411099765573,-0.0006011862437440112,1810.2701278664922,-3583.1178232898797,4939.754151277371
2023-08-23 21:46:41.394,TAI,00039451,RR01,4.800480676832725,4.809193726522077,1.2047330729466887,1.2087289952079352,0.115351296663384,0.11564093776796454,532.976163985198,533.0197991604898,/home/anarykov/godot/files/inputOD00015/00008_RR01_20230823T214428_20230823T214604.tdm,-1.9817296777492388,5.599744943111601,4.772244468794588,1779.4643915930371,-3933.144877010157,5339.465506870319,0.26122025288514383,0.1313365215843768,-0.0006010166565509959,1812.360196241064,-3582.067740729758,4939.749342465634
2023-08-24 09:08:49.570,TAI,00039451,RR01,0.5430156111585164,0.5562414406499652,1.3722174463514492,1.3749392006895158,-1.15455544356941,-1.1546239363060706,509.925510584786,509.94688421171287,/home/anarykov/godot/files/inputOD00015/00009_RR01_20230824T090812_20230824T091004.tdm,-2.3541272869699372,5.5135527162092535,-4.703314643930516,-1331.624607442321,4040.564511667903,5389.055412813648,-0.27854818383481267,-0.08886026943429154,0.0006391563381138995,-1207.2877083009187,3820.034725920108,4946.38993899947
2023-08-24 09:08:57.570,TAI,00039451,RR01,1.1713807547669233,1.1632606070801745,1.4663161656169141,1.4531003826117177,-0.3160848045567,-0.3174876466202352,504.030353922033,504.04027010592387,/home/anarykov/godot/files/inputOD00015/00009_RR01_20230824T090812_20230824T091004.tdm,-2.3409533020946633,5.473643519465791,-4.756217470188802,-1350.4050530332595,4084.5135851258415,5351.217036771062,-0.2784962982206299,-0.08902275117948888,0.0006390434554179637,-1209.5158862924586,3819.3231938174326,4946.39505179879
2023-08-24 09:09:05.570,TAI,00039451,RR01,2.151853784861741,2.1573828716877146,1.4192867572733578,1.4366955612584136,0.532422863171334,0.5323485017046065,504.900341326224,504.90402022199527,/home/anarykov/godot/files/inputOD00015/00009_RR01_20230824T090812_20230824T091004.tdm,-2.3275950157823666,5.43330307593436,-4.808746848146106,-1369.0793688625365,4128.141657936113,5312.956929136394,-0.27844431782868473,-0.08918520262849085,0.0006389303552362954,-1211.743648819854,3818.6103619819796,4946.4001636941775
2023-08-24 09:09:13.570,TAI,00039451,RR01,2.6133529943416387,2.607716984678269,1.3457405185842002,1.3463596070948258,1.36129956798084,1.3611663913855672,512.50533470297,512.5042631842099,/home/anarykov/godot/files/inputOD00015/00009_RR01_20230824T090812_20230824T091004.tdm,-2.31405346999232,5.392534535470193,-4.860898615485109,-1387.6460846727643,4171.445292700572,5274.278094168998,-0.278392242676665,-0.08934762372602004,0.0006388170376073741,-1213.97099512506,3817.896230656303,4946.405274683894
2023-08-24 09:09:21.570,TAI,00039451,RR01,2.777489750460782,2.7818379923453866,1.2341409717834342,1.2422872033032506,2.13951569221313,2.1392025688193637,526.554966255809,526.5492091628009,/home/anarykov/godot/files/inputOD00015/00009_RR01_20230824T090812_20230824T091004.tdm,-2.300329720840269,5.3513410824813175,-4.9126686388782606,-1406.1037385965722,4214.42107735694,5235.1835693097355,-0.2783400727822924,-0.08951001441680119,0.0006387035025697585,-1216.1979244500687,3817.180800083436,4946.4103847662
2023-08-24 09:09:29.570,TAI,00039451,RR01,2.8623835118111693,2.8687425366301094,1.143578143557793,1.1399502208737926,2.84477959262592,2.8453942350782033,546.543788377789,546.5415830550729,/home/anarykov/godot/files/inputOD00015/00009_RR01_20230824T090812_20230824T091004.tdm,-2.2864248384525427,5.309725935661028,-4.964052814317703,-1424.4508772698523,4257.065625454338,5195.676424947349,-0.2782878081633192,-0.08967237464557756,0.000638589750162076,-1218.4244360371201,3816.46407050682,4946.415493939355
2023-08-24 09:09:37.570,TAI,00039451,RR01,2.9292743228693356,2.920211337583826,1.0477438647502488,1.0437692676830885,3.46958989109611,3.4689834255236183,571.874800718257,571.8568498794017,/home/anarykov/godot/files/inputOD00015/00009_RR01_20230824T090812_20230824T091004.tdm,-2.2723399071617743,5.2676923478730755,-5.015047067129922,-1442.686055940254,4299.375576422256,5155.75976419008,-0.27823544883753465,-0.08983470435708688,0.000638475780423039,-1220.6505291283804,3815.746042170406,4946.420602201623
2023-08-24 09:09:45.570,TAI,00039451,RR01,2.9554137644543492,2.954165080205078,0.9538635387949606,0.9553177887900743,4.00758793149724,4.008274104421683,601.818581995776,601.8221755640345,/home/anarykov/godot/files/inputOD00015/00009_RR01_20230824T090812_20230824T091004.tdm,-2.258076028508187,5.225243607365854,-5.065647349388993,-1460.8078385412027,4341.347595797872,5115.43672270044,-0.2781829948227601,-0.08999700349607725,0.0006383615933914338,-1222.8762029661577,3815.0267153185887,4946.425709551263
2023-08-24 09:09:53.570,TAI,00039451,RR01,2.9806745184963033,2.978253807700127,0.8748705560994918,0.8749689940307582,4.4676655755769,4.467925214413951,635.798241765032,635.7785613641722,/home/anarykov/godot/files/inputOD00015/00009_RR01_20230824T090812_20230824T091004.tdm,-2.2436343091793827,5.182383031796692,-5.1158496513333915,-1478.8147979482032,4382.978375666276,5074.710468172949,-0.2781304461368415,-0.09015927200733087,0.000638247189106104,-1225.1014567932286,3814.3060901960976,4946.430815986539
2023-08-24 09:10:01.570,TAI,00039451,RR01,2.995527644780424,2.9962575102516373,0.8155719484851572,0.8024757401331499,4.85631117750484,4.856126238072945,673.142915813679,673.1201323149463,/home/anarykov/godot/files/inputOD00015/00009_RR01_20230824T090812_20230824T091004.tdm,-2.2290158737159484,5.139113974060332,-5.165649989782514,-1496.705515934699,4424.264634746255,5033.584200391736,-0.27807780279766753,-0.09032150983560883,0.0006381325676059903,-1227.3262898520782,3813.584167048247,4946.435921505711
2023-08-24 09:10:09.570,TAI,00039451,RR01,3.0061810193527108,3.0102498878826798,0.742598162835718,0.737273564457723,5.18184786736716,5.1823951177070695,713.3064536291,713.3130449242174,/home/anarykov/godot/files/inputOD00015/00009_RR01_20230824T090812_20230824T091004.tdm,-2.2142218604317194,5.095439820108532,-5.2150444121644295,-1514.4785833313977,4465.203118713592,4992.061150890664,-0.2780250648231508,-0.09048371692570621,0.0006380177289300883,-1229.5507013856602,3812.8609461206865,4946.441026107042
2023-08-24 09:10:17.570,TAI,00039451,RR01,3.0287386671712366,3.0214607845040664,0.6821056666336089,0.6786614432690752,5.45680458190774,5.45616929273669,755.875293642505,755.8999720643217,/home/anarykov/godot/files/inputOD00015/00009_RR01_20230824T090812_20230824T091004.tdm,-2.199253421477295,5.051363988742611,-5.264028996710697,-1532.132600135438,4505.790600463723,4950.144582708268,-0.27797223223123685,-0.09064589322242876,0.0006379026731174695,-1231.774690637073,3812.136427659507,4946.446129788796
2023-08-24 09:10:25.570,TAI,00039451,RR01,3.016349934448787,3.0306648088453207,0.6173861869350683,0.6259088400469347,5.68623549891748,5.686057629700962,800.486130268525,800.4960956836928,/home/anarykov/godot/files/inputOD00015/00009_RR01_20230824T090812_20230824T091004.tdm,-2.1841117229140856,5.0068899314097735,-5.312599852660541,-1549.6661756196231,4546.023880372683,4907.837790140424,-0.27791930503991075,-0.09080803867056883,0.000637787400207296,-1233.998256849232,3811.4106119113453,4946.451232549233
2023-08-24 09:10:33.570,TAI,00039451,RR01,3.036346465782799,3.0383737266117046,0.5779446687121926,0.578314994547131,5.87919011586878,5.879539148516067,846.747296266067,846.7810434666806,/home/anarykov/godot/files/inputOD00015/00009_RR01_20230824T090812_20230824T091004.tdm,-2.168797944792606,4.962021132001618,-5.360753120481644,-1567.0779284418813,4585.899786556365,4865.144098490552,-0.27786628326717944,-0.09097015321496099,0.0006376719102387804,-1236.22139926563,3810.683499123143,4946.45633438662
2023-08-24 09:10:41.570,TAI,00039451,RR01,3.052120041096101,3.0449390479348986,0.5239185703288657,0.535238034818959,6.04260508139677,6.04292176015425,894.476654461101,894.4895618006074,/home/anarykov/godot/files/inputOD00015/00009_RR01_20230824T090812_20230824T091004.tdm,-2.1533132799554093,4.916761106701773,-5.4084849774638295,-1584.366486896772,4625.41517520584,4822.066863810656,-0.27781316693108987,-0.09113223680042655,0.0006375562032512269,-1238.444117129581,3809.955089542385,4946.4614352992185
2023-08-24 21:23:22.833,TAI,00039451,RR01,2.982451208489547,2.9765875295443602,0.5324499485439641,0.5322594983454697,-6.00046293881049,-5.999497534039324,898.256754573925,898.2501318501712,/home/anarykov/godot/files/inputOD00015/00010_RR01_20230824T212245_20230824T212429.tdm,-1.7185493122781699,5.077398958516448,5.415397904859385,1947.7671373449882,-4491.793714746736,4815.500133959124,0.27140365616041157,0.10874435034363156,-0.0006235703541019355,1502.5462654292367,-3721.718176130824,4940.46059433603
2023-08-24 21:23:30.833,TAI,00039451,RR01,2.9577528725574576,2.9634742886511836,0.5849600654964657,0.5745776888893708,-5.82969596769333,-5.830737498454875,850.919536669724,850.9111142117758,/home/anarykov/godot/files/inputOD00015/00010_RR01_20230824T212245_20230824T212429.tdm,-1.737621499595934,5.121336674087169,5.367733384550809,1933.9423630404142,-4450.998504141032,4858.632941791905,0.27134017202504024,0.10890266077357408,-0.0006234308212257839,1504.7172408037238,-3720.8475880615943,4940.4556063311875
2023-08-24 21:23:38.833,TAI,00039451,RR01,2.9633785071931014,2.947894733586677,0.6161814867713775,0.6211719261221236,-5.63184384599108,-5.631333308382828,805.057553400278,805.04099749243,/home/anarykov/godot/files/inputOD00015/00010_RR01_20230824T212245_20230824T212429.tdm,-1.7565566447058818,5.164870753296995,5.319646862784445,1919.9655584803156,-4409.853404104522,4901.38274293697,0.2712765955472921,0.10906093414179295,-0.0006232910761765633,1506.8877079356375,-3719.9757336571793,4940.450619443456
2023-08-24 21:23:46.833,TAI,00039451,RR01,2.925834579987245,2.9291138493732314,0.6634700228538557,0.6725923585041147,-5.39578667942158,-5.39502973394226,760.91198975242,760.9092467097385,/home/anarykov/godot/files/inputOD00015/00010_RR01_20230824T212245_20230824T212429.tdm,-1.7753532664719995,5.207997785220704,5.2711421664678735,1905.8378260546833,-4368.361657441366,4943.746176626848,0.2712129267488004,0.10921917039443224,-0.0006231511190018193,1509.0576660864322,-3719.102613214245,4940.4456336745325
2023-08-24 21:23:54.833,TAI,00039451,RR01,2.896317340553024,2.90607871590681,0.7241941622994739,0.7294070081597868,-5.11620976521771,-5.114484893521262,718.873956271988,718.839713656525,/home/anarykov/godot/files/inputOD00015/00010_RR01_20230824T212245_20230824T212429.tdm,-1.794009893482732,5.250714390132837,5.222223143090273,1891.5602797037461,-4326.526534042123,4985.719912781019,0.27114916565123287,0.1093773694776411,-0.0006230109497491761,1511.2271145176273,-3718.228227029931,4940.440649026117
2023-08-24 21:24:02.833,TAI,00039451,RR01,2.8768405729560627,2.877230613145258,0.7882127206833802,0.7921509640863376,-4.78163164496336,-4.78135652515341,679.211656769161,679.2191155763082,/home/anarykov/godot/files/inputOD00015/00010_RR01_20230824T212245_20230824T212429.tdm,-1.8125250666296893,5.2930172227191905,5.17289367744579,1877.134045221777,-4284.351330730197,5027.300652288471,0.27108531227629173,0.10953553133757359,-0.0006228705684663367,1513.3960524908125,-3717.352575401851,4940.435665499903
2023-08-24 21:24:10.833,TAI,00039451,RR01,2.846367549396634,2.8401713778817963,0.8719504126597294,0.861230884668394,-4.38681042314262,-4.386656516264249,642.525682632343,642.5038509633953,/home/anarykov/godot/files/inputOD00015/00010_RR01_20230824T212245_20230824T212429.tdm,-1.830897338196315,5.334902971266109,5.123157685420158,1862.560260028444,-4241.8393709541,5068.485127248802,0.2710213666457015,0.10969365592041953,-0.0006227299752010563,1515.5644792680653,-3716.4756586279227,4940.430683097587
2023-08-24 21:24:18.833,TAI,00039451,RR01,2.777627935222876,2.7910409056001035,0.9284235057365886,0.9367536533444122,-3.92192766889165,-3.9215464347887004,609.196404123016,609.2223411969152,/home/anarykov/godot/files/inputOD00015/00010_RR01_20230824T212245_20230824T212429.tdm,-1.8491252718590592,5.376368357896464,5.07301911375937,1847.8400730785634,-4198.994004517573,5109.270101220807,0.2709573287812241,0.10985174317236598,-0.0006225891700011749,1517.7323941114296,-3715.597477006575,4940.425701820865
2023-08-24 21:24:26.833,TAI,00039451,RR01,2.733377624870364,2.7232942759023095,1.0224949300187303,1.0182223066990896,-3.37930402666997,-3.378756372348383,579.962204937877,579.9686212589951,/home/anarykov/godot/files/inputOD00015/00010_RR01_20230824T212245_20230824T212429.tdm,-1.867207442697081,5.417410138806554,5.022481939849506,1832.9746447717712,-4155.818607308028,5149.652369468498,0.2708931987046619,0.1100097930395896,-0.0006224481529146264,1519.8997962828032,-3714.718030836801,4940.420721671431
2023-08-24 21:24:34.833,TAI,00039451,RR01,2.6230914837395636,2.6251950328222255,1.1047845188793277,1.1039784450817252,-2.75650823261426,-2.7547079696207186,555.34718701378,555.3817445238675,/home/anarykov/godot/files/inputOD00015/00010_RR01_20230824T212245_20230824T212429.tdm,-1.8851424372134147,5.458025104503253,4.9715501715009704,1817.9651468619854,-4112.316581023259,5189.628759204672,0.2708289764378306,0.11016780546832618,-0.0006223069239893752,1522.0666850448945,-3713.837320417764,4940.415742650983
2023-08-24 21:24:42.833,TAI,00039451,RR01,2.4725782408857695,2.4747220256741573,1.1891183574732493,1.1900920510878708,-2.05149761228023,-2.0521186568484264,536.101666823937,536.1059772502972,/home/anarykov/godot/files/inputOD00015/00010_RR01_20230824T212245_20230824T212429.tdm,-1.90292885505436,5.498210080593936,4.920227843210097,1802.812762341618,-4068.491352874235,5229.196129875474,0.2707646620025863,0.11032578040480089,-0.0006221654832734784,1524.2330596602671,-3712.9553460491898,4940.410764761212
2023-08-24 21:24:50.833,TAI,00039451,RR01,2.229611050752011,2.2316973021948088,1.2668611209859848,1.2679833703141168,-1.28197086774411,-1.2823475550210677,522.741430198363,522.7305066912958,/home/anarykov/godot/files/inputOD00015/00010_RR01_20230824T212245_20230824T212429.tdm,-1.9205653043878457,5.537961926486419,4.868519025700068,1787.5186854192377,-4024.346375369852,5268.351373278501,0.27070025542082554,0.11048371779522863,-0.0006220238308150846,1526.398919391346,-3712.072108031356,4940.405788003814
2023-08-24 21:24:58.833,TAI,00039451,RR01,1.844951681769837,1.8468898144852295,1.3262157312386145,1.320396993320458,-0.466705209069057,-0.4662565759187719,515.669021751151,515.715424420056,/home/anarykov/godot/files/inputOD00015/00010_RR01_20230824T212245_20230824T212429.tdm,-1.9380504053155583,5.577277536719914,4.816427818691976,1772.0841213780816,-3979.885125994383,5307.091413885389,0.2706357567144581,0.11064161758588335,-0.0006218819666623759,1528.5642635013633,-3711.1876066647205,4940.400812380483
2023-08-24 21:25:06.833,TAI,00039451,RR01,1.3725574183139206,1.3621639017612246,1.3269494968051043,1.3245647981525341,0.366769012347199,0.3675621235088629,515.336223214856,515.3208205441952,/home/anarykov/godot/files/inputOD00015/00010_RR01_20230824T212245_20230824T212429.tdm,-1.955382790311445,5.616153841309302,4.763958349911107,1756.5102864779876,-3935.111106922583,5345.4132090848225,0.270571165905434,0.1107994797230286,-0.0006217398908636245,1530.7290912534086,-3710.301842250294,4940.395837892912
2023-08-29 08:54:57.083,TAI,00039451,RR01,4.978325923161826,4.986148457679587,1.2392058738221285,1.2377062561748455,-0.617663693149035,-0.6180237488678099,526.944939461774,526.9790340057948,/home/anarykov/godot/files/inputOD00015/00011_RR01_20230829T085420_20230829T085556.tdm,-2.2006617035847844,5.54704684354658,-4.7386861971657765,-1236.4331344747318,4103.2886858478105,5363.487390509654,-0.2762105999305322,-0.09587978336438346,0.0006347361632374805,-1303.5381052726448,3787.981394020249,4946.61174069128
2023-08-29 08:55:05.083,TAI,00039451,RR01,4.622809933756498,4.626842529096533,1.2538150235288166,1.2472223346761295,0.19771292749893,0.19894187296329094,525.297425102154,525.298884545314,/home/anarykov/godot/files/inputOD00015/00011_RR01_20230829T085420_20230829T085556.tdm,-2.1884250384262676,5.506507348539871,-4.791352280350247,-1253.9895966484348,4147.503192869643,5325.366987258634,-0.27615461973993294,-0.09604090023726336,0.0006346138607432454,-1305.7475662139775,3787.2137112640744,4946.616818091519
2023-08-29 08:55:13.083,TAI,00039451,RR01,4.286463944745304,4.289620528507497,1.2167035694668624,1.2181579428721594,1.00712508251917,1.0085980602681475,530.134370923417,530.145346043347,/home/anarykov/godot/files/inputOD00015/00011_RR01_20230829T085420_20230829T085556.tdm,-2.1760160236996806,5.465533869575631,-4.843642015283733,-1271.4474754924022,4191.391645861187,5286.826758025445,-0.27609854556848656,-0.09620198442553922,0.0006344913422852393,-1307.9565789379571,3786.4447397035806,4946.6218945124765
2023-08-29 08:55:21.083,TAI,00039451,RR01,4.027549963528925,4.03077258224251,1.1518981011354072,1.160749643703243,1.78282264790028,1.7823801698083699,541.358026195307,541.3430353811601,/home/anarykov/godot/files/inputOD00015/00011_RR01_20230829T085420_20230829T085556.tdm,-2.1634356290216448,5.424129609553679,-4.895551255910516,-1288.8053960714044,4234.950585735175,5247.869730185701,-0.2760423774352815,-0.09636303587437525,0.0006343686079051615,-1310.1651426926,3785.6744796005382,4946.626969952421
2023-08-29 08:55:29.083,TAI,00039451,RR01,3.8573785656215485,3.8488878358829153,1.082475708742514,1.0887686961933856,2.49789855952288,2.497712696472429,558.509879642148,558.5094665408824,/home/anarykov/godot/files/inputOD00015/00011_RR01_20230829T085420_20230829T085556.tdm,-2.1506848372780345,5.3822978060363305,-4.9470758860447,-1306.0619912564575,4278.176579166358,5208.498964156765,-0.2759861153594303,-0.09652405452897025,0.0006342456576447676,-1312.3732567263946,3784.9029312170464,4946.632044409627
2023-08-29 08:55:37.083,TAI,00039451,RR01,3.7243491192804496,3.7219688193349225,1.0076573020129536,1.0120378843325917,3.14111687115545,3.140550272138966,581.08298566661,581.1148702915291,/home/anarykov/godot/files/inputOD00015/00011_RR01_20230829T085420_20230829T085556.tdm,-2.137764644481585,5.3400417308993235,-4.998211819621673,-1323.215901830051,4321.066218865518,5168.717553159963,-0.2759297593600771,-0.09668504033453429,0.000634122491545886,-1314.5809202879834,3784.1300948156386,4946.637117882367
2023-08-29 08:55:45.083,TAI,00039451,RR01,3.638520439911995,3.6311350726258986,0.9295644319443099,0.9361620142455193,3.7065872973283,3.705381942459592,608.553236903246,608.55198452127,/home/anarykov/godot/files/inputOD00015/00011_RR01_20230829T085420_20230829T085556.tdm,-2.124676064233499,5.297364691182032,-5.0489549891111265,-1340.2657764588591,4363.616123593847,5128.528623077716,-0.2758733094564063,-0.09684599323626505,0.000633999109650437,-1316.7881326258412,3783.355970659403,4946.642190368917
2023-08-29 08:55:53.083,TAI,00039451,RR01,3.552969382254969,3.5639804861161126,0.849490921269185,0.8640209004900558,4.19323635428231,4.193472465052576,640.180820600606,640.1980831576756,/home/anarykov/godot/files/inputOD00015/00011_RR01_20230829T085420_20230829T085556.tdm,-2.1114201126228016,5.254270024838283,-5.099301384283039,-1357.210272227078,4405.822939272323,5087.935331893418,-0.2758167656676292,-0.09700691317938713,0.000633875512000402,-1318.9948929888094,3782.5805590117893,4946.647261867547
2023-08-29 08:56:01.083,TAI,00039451,RR01,3.5094540272416435,3.5127752105202488,0.794243926404711,0.7969139230182753,4.61148738321953,4.610478692408875,675.410198002838,675.4597209646059,/home/anarykov/godot/files/inputOD00015/00011_RR01_20230829T085420_20230829T085556.tdm,-2.0979978232642895,5.210761104356147,-5.149247013456762,-1374.048054305584,4447.683338400941,5046.940869767837,-0.2757601280129779,-0.09716780010916766,0.0006337516986378118,-1321.201200626315,3781.8038601365324,4946.652332376533
2023-08-29 08:56:09.083,TAI,00039451,RR01,3.4791058602386973,3.4726629447674577,0.7380669844098826,0.7352507071904719,4.96365296734049,4.964286401559894,713.743033333267,713.7988912841519,/home/anarykov/godot/files/inputOD00015/00011_RR01_20230829T085420_20230829T085556.tdm,-2.084410242502332,5.166841335216366,-5.198787915823913,-1390.7777961899421,4489.194020588658,5005.54845869268,-0.27570339651174064,-0.09732865397081443,0.000633627669604825,-1323.4070547869696,3781.02587429815,4946.65740189415
2023-08-29 08:56:17.083,TAI,00039451,RR01,3.4344102130187952,3.4405097584006183,0.6726960441269111,0.6789560854932626,5.26376436568466,5.263435795829236,754.683307615523,754.7441285449445,/home/anarykov/godot/files/inputOD00015/00011_RR01_20230829T085420_20230829T085556.tdm,-2.070658429437418,5.122514155624971,-5.2479201614120345,-1407.3981798005082,4530.351712812463,4963.76135224419,-0.2756465711832218,-0.09748947470959358,0.0006335034249436373,-1325.6124547201864,3780.2466017613674,4946.662470418672
2023-08-29 08:56:25.083,TAI,00039451,RR01,3.42282897460305,3.414229610333286,0.6188963493399561,0.6277076092555888,5.51682882929516,5.51615580914693,797.924140368242,797.8915101364832,/home/anarykov/godot/files/inputOD00015/00011_RR01_20230829T085420_20230829T085556.tdm,-2.0567434559737845,5.07778303627121,-5.296639851051941,-1423.9078955824841,4571.153169674866,4921.58283533507,-0.27558965204674885,-0.097650262270806,0.0006333789646964989,-1327.8173996758528,3779.466042791233,4946.667537948375
2023-08-29 08:56:33.083,TAI,00039451,RR01,3.387187930649093,3.392391517620585,0.5820186600295446,0.5810734971403438,5.73014617781655,5.729870992403054,842.889985275956,842.8999339342852,/home/anarykov/godot/files/inputOD00015/00011_RR01_20230829T085420_20230829T085556.tdm,-2.0426664068832356,5.032651480112618,-5.344943116367941,-1440.3056426061926,4611.595173660179,4879.016223964684,-0.2755326391217067,-0.09781101659969335,0.0006332542889057897,-1330.0218889030464,3778.6841976535775,4946.672604481531
2023-08-29 21:09:17.955,TAI,00039451,RR01,3.294820465705054,3.2981522925575373,0.5410897335022624,0.5313960056473768,-6.02466596132068,-6.024303489883281,898.156171466636,898.1718554173534,/home/anarykov/godot/files/inputOD00015/00012_RR01_20230829T210840_20230829T211024.tdm,-1.5842271467693665,5.120371598769565,5.416363060880366,1829.274475360199,-4541.543312033798,4814.363097566748,0.26866955631117373,0.11533406302265987,-0.0006182434455906001,1592.9245472542,-3684.2199201572353,4940.252758023412
2023-08-29 21:09:25.955,TAI,00039451,RR01,3.3112628027781,3.3091456207319925,0.5697216502772986,0.5738488273584018,-5.85958439322098,-5.8597961726560905,850.622818662262,850.6177515033319,/home/anarykov/godot/files/inputOD00015/00012_RR01_20230829T210840_20230829T211024.tdm,-1.602145464321846,5.164809359123311,5.368695867814806,1816.5289008241166,-4500.402317577246,4857.5036159847505,0.26860222843251286,0.11549077734203293,-0.000618095069347529,1595.073634454138,-3683.2966207695845,4940.247812669211
2023-08-29 21:09:33.955,TAI,00039451,RR01,3.3131058353051794,3.3220762674734203,0.6211774817317435,0.6206626794659034,-5.66569180130445,-5.665244875354171,804.506427690172,804.4961577975282,/home/anarykov/godot/files/inputOD00015/00012_RR01_20230829T210840_20230829T211024.tdm,-1.619937389805458,5.208839942075202,5.320606482696816,1803.6404843502871,-4458.907447335526,4900.261105650151,0.26853480914325006,0.11564745235762762,-0.0006179464827622161,1597.2221826652853,-3682.372067824604,4940.242868502863
2023-08-29 21:09:41.955,TAI,00039451,RR01,3.3346863060615752,3.3375268012597896,0.673458851256845,0.672428822243159,-5.43475922692879,-5.43443160754029,760.088957124297,760.071570748921,/home/anarykov/godot/files/inputOD00015/00012_RR01_20230829T210840_20230829T211024.tdm,-1.6376015363028642,5.252459908074104,5.272098733542532,1790.6102428523343,-4417.061972686654,4942.632204461463,0.2684672984663192,0.1158040880161472,-0.0006177976858852003,1599.3701911567634,-3681.4462616368,4940.237925526048
2023-08-29 21:09:49.955,TAI,00039451,RR01,3.3575358000281437,3.356336807084174,0.7303994223771593,0.7297770606451032,-5.15950270135008,-5.160011934687799,717.673812240153,717.6627175095142,/home/anarykov/godot/files/inputOD00015/00012_RR01_20230829T210840_20230829T211024.tdm,-1.6551365203266173,5.295665838604508,5.22317647085167,1777.4392040842679,-4374.8691923089455,4984.613580766998,0.2683996964247058,0.11596068426426251,-0.0006176486787671334,1601.5176591972481,-3680.5192025213787,4940.232983740448
2023-08-29 21:09:57.955,TAI,00039451,RR01,3.3763950836275454,3.3797598596880682,0.7917751216264759,0.7933362663721969,-4.8330842726965,-4.833569112622836,677.597406513067,677.6514731458711,/home/anarykov/godot/files/inputOD00015/00012_RR01_20230829T210840_20230829T211024.tdm,-1.6725409670560747,5.338454345521135,5.173843574284828,1764.1284067560684,-4332.332432037844,5026.201933805974,0.26833200304141563,0.11611724104868089,-0.0006174994614587195,1603.6645860559145,-3679.5908907938383,4940.228043147748
2023-08-29 21:10:05.955,TAI,00039451,RR01,3.407704290754144,3.409748906658166,0.8629651255498619,0.863657336557919,-4.44557358782014,-4.44592427942007,640.457376066123,640.4904218692324,/home/anarykov/godot/files/inputOD00015/00012_RR01_20230829T210840_20230829T211024.tdm,-1.689813514521067,5.38082207855731,5.124103957979027,1750.6789006095996,-4289.455044696821,5067.393994109585,0.2682642183394768,0.11627375831614589,-0.0006173500340107104,1605.8109710024344,-3678.6613267699627,4940.223103749626
2023-08-29 21:10:13.955,TAI,00039451,RR01,3.4529865622622853,3.449507743803661,0.9327836310036697,0.9410731411977907,-3.98660704050669,-3.9878799674579137,606.695232872683,606.7063353369012,/home/anarykov/godot/files/inputOD00015/00012_RR01_20230829T210840_20230829T211024.tdm,-1.7069528109061733,5.422765720882932,5.073961566900077,1737.0917462366801,-4246.240409767077,5108.18652365377,0.2681963423419705,0.11643023601336105,-0.0006172003964739822,1607.9568133059322,-3677.730510766283,4940.218165547764
2023-08-29 21:10:21.955,TAI,00039451,RR01,3.509649593275812,3.5046359137835026,1.0306667994487637,1.0254502370260485,-3.45187901212406,-3.4515957313569157,576.866052613933,576.8952974778671,/home/anarykov/godot/files/inputOD00015/00012_RR01_20230829T210840_20230829T211024.tdm,-1.7239575146042672,5.464281989425462,5.023420376759794,1723.3680149991112,-4202.691933118916,5148.57631610771,0.26812837507198306,0.11658667408710445,-0.0006170505488994224,1610.1021122365557,-3676.798443099392,4940.213228543843
2023-08-29 21:10:29.955,TAI,00039451,RR01,3.5882485406528826,3.585707055562183,1.1023317526005931,1.1157339333856016,-2.83265679656611,-2.8327109530187666,551.68786345875,551.7038460238597,/home/anarykov/godot/files/inputOD00015/00012_RR01_20230829T210840_20230829T211024.tdm,-1.7408262942940678,5.505367635214811,4.972484393935915,1709.5087889484637,-4158.813046741335,5188.5601970805965,0.26806031655265544,0.11674307248411428,-0.0006169004913380423,1612.2468670639032,-3675.865124086628,4940.208292739541
2023-08-29 21:10:37.955,TAI,00039451,RR01,3.7230499889442266,3.714546937769156,1.2011943286755769,1.2090057077574852,-2.13188376399264,-2.1330393656913986,531.755870895409,531.790575275482,/home/anarykov/godot/files/inputOD00015/00012_RR01_20230829T210840_20230829T211024.tdm,-1.7575578291552527,5.546019443305064,4.921157654242227,1695.5151607257217,-4114.607208448059,5228.135024370844,0.2679921668071487,0.11689943115116504,-0.0006167502238409024,1614.3910770580721,-3674.9305540456166,4940.203358136541
2023-08-29 21:10:45.955,TAI,00039451,RR01,3.9494191681953192,3.9395183732622496,1.2915182480256497,1.2980956306298035,-1.36402475753205,-1.3631273957855317,517.745075420391,517.7660465018373,/home/anarykov/godot/files/inputOD00015/00012_RR01_20230829T210840_20230829T211024.tdm,-1.7741508094581113,5.586234231348797,4.869444218159876,1681.3882333996216,-4070.0779015146627,5267.297688226592,0.2679239258586493,0.11705575003506011,-0.0006165997464591195,1616.5347414895548,-3673.9947332943216,4940.19842473652
2023-08-29 21:10:53.955,TAI,00039451,RR01,4.338148651425886,4.35390734828529,1.3677868451869595,1.3651028331720498,-0.543794208203647,-0.5434121878420057,510.137789367742,510.1168775082613,/home/anarykov/godot/files/inputOD00015/00012_RR01_20230829T210840_20230829T211024.tdm,-1.7906039344630165,5.626008858593046,4.817348193064957,1667.129120768528,-4025.228634826065,5306.0451115026035,0.26785559373038426,0.11721202908259343,-0.0006164490592439046,1618.6778596287159,-3673.0576621512646,4940.193492541157
2023-08-29 21:11:01.955,TAI,00039451,RR01,4.9690433454372736,4.961769370794762,1.3816959918132452,1.376551937925103,0.296599059656237,0.2973069979524944,509.121348869629,509.13066038784706,/home/anarykov/godot/files/inputOD00015/00012_RR01_20230829T210840_20230829T211024.tdm,-1.8069159150891798,5.665340216597461,4.764873708024517,1652.7389468462395,-3980.062942122448,5344.3742499929085,0.26778717044560824,0.11736826824058025,-0.000616298162246532,1620.8204307462104,-3672.119340935349,4940.188561552131
